OfferID,Title,Slug,Area,Rooms,Date,Location,Price
7966006,Apartament 2 Camere | Hils Pallady | Loc parcare | Centrala | Balcon,apartament-2-camere-hils-pallady-loc-parcare-centrala-balcon-IDxqjY,50.0,TWO,2023-09-19 15:51:15,Theodor Pallady| Sectorul 3| Bucuresti,500
7966004,Cismigiu | 3 Camere | 78 mp |  Centrala Proprie,cismigiu-3-camere-78-mp-centrala-proprie-IDxqjV,78.0,THREE,2023-09-19 15:51:14,Cismigiu| Sectorul 1| Bucuresti,650
7966005,Lujerului I 2 Camere I Decomandat I Balcon,lujerului-i-2-camere-i-decomandat-i-balcon-IDxqjX,40.0,TWO,2023-09-19 15:51:14,Militari| Sectorul 6| Bucuresti,330
7966001,Apartament 2 camere Nusco Promenada Nemobilat Nou,apartament-2-camere-nusco-promenada-nemobilat-nou-IDxqjT,65.0,TWO,2023-09-19 15:50:47,Pipera| Sectorul 2| Bucuresti,550
7966000,2 Camere | Belvedere Residence - Pipera | Centrala | Pet  Friendly | P,2-camere-belvedere-residence-pipera-centrala-pet-friendly-p-IDxqjS,50.0,TWO,2023-09-19 15:50:47,Pipera| Sectorul 2| Bucuresti,700
7965998,Garsoniera de inchiriat Berceni Aparatorii patriei,garsoniera-de-inchiriat-berceni-aparatorii-patriei-IDxqjQ,30.0,ONE,2023-09-19 15:50:35,Berceni| Sectorul 4| Bucuresti,350
7965994,High Class Residence | Garsoniera | Centrala | Balcon,high-class-residence-garsoniera-centrala-balcon-IDxqjM,36.0,ONE,2023-09-19 15:50:31,Titan| Sectorul 3| Bucuresti,300
7965989,2 camere | Grand Arena Mall | centrala proprie | balcon |,2-camere-grand-arena-mall-centrala-proprie-balcon-IDxqjH,50.0,TWO,2023-09-19 15:50:16,Berceni| Sectorul 4| Bucuresti,370
7965983,Floreasca | Dorobanti | 2 Camere | Zona Verde | 50MP | Semidecomandat,floreasca-dorobanti-2-camere-zona-verde-50mp-semidecomandat-IDxqjB,50.0,TWO,2023-09-19 15:49:40,Floreasca| Sectorul 2| Bucuresti,350
7965980,2 Camere | Tineretului | Bloc nou | Centrala Proprie | Parcare,2-camere-tineretului-bloc-nou-centrala-proprie-parcare-IDxqjy,60.0,TWO,2023-09-19 15:49:28,Carol| Sectorul 4| Bucuresti,650
7965978,2 Camere | Arcul De Triumf-Herastrau | Balcon |  Renovat | Parc,2-camere-arcul-de-triumf-herastrau-balcon-renovat-parc-IDxqjv,55.0,TWO,2023-09-19 15:49:26,Aviatorilor| Sectorul 1| Bucuresti,580
7965974,Baneasa | 2 Camere | Centrala | Loc de Parcare | Bloc Nou,baneasa-2-camere-centrala-loc-de-parcare-bloc-nou-IDxqjs,58.0,TWO,2023-09-19 15:49:10,Baneasa| Sectorul 1| Bucuresti,700
7965973,Garsoniera / Iancului / Mobilata,garsoniera-iancului-mobilata-IDxqjr,35.0,ONE,2023-09-19 15:49:10,Mosilor| Sectorul 2| Bucuresti,370
7965966,Stefan cel Mare | Studio | Metrou Obor,stefan-cel-mare-studio-metrou-obor-IDxqjk,36.0,ONE,2023-09-19 15:48:55,Obor| Sectorul 2| Bucuresti,340
7965964,Brancoveanu | 3 camere | Etaj 1,brancoveanu-3-camere-etaj-1-IDxqji,50.0,THREE,2023-09-19 15:48:43,Berceni| Sectorul 4| Bucuresti,400
7965965,Eroii Revolutiei | 2 Camere | 51 mp | Boiler,eroii-revolutiei-2-camere-51-mp-boiler-IDxqjj,51.0,TWO,2023-09-19 15:48:43,Sectorul 4| Bucuresti,450
7965961,2 camere | Grand Arena Mall | Berceni | Metrou | Boc izolat |,2-camere-grand-arena-mall-berceni-metrou-boc-izolat-IDxqjf,50.0,TWO,2023-09-19 15:48:16,Aparatorii Patriei| Sectorul 4| Bucuresti,400
7965957,Apartament Floreasca | Aviatiei Tower | Loc de parcare,apartament-floreasca-aviatiei-tower-loc-de-parcare-IDxqjb,65.0,TWO,2023-09-19 15:47:31,Pipera| Sectorul 2| Bucuresti,1200
7965939,Apartament 3 camere Aviatiei,apartament-3-camere-aviatiei-IDxqiT,82.0,THREE,2023-09-19 15:43:24,Baneasa| Sectorul 1| Bucuresti,750
7965934,Apartament 2 camere Eroilor Cismigiu - Stirbei Voda,apartament-2-camere-eroilor-cismigiu-stirbei-voda-IDxqiO,64.0,TWO,2023-09-19 15:42:43,Stirbei| Sectorul 1| Bucuresti,530
7965917,Apartament 2 camere Complex Luxuria,apartament-2-camere-complex-luxuria-IDxqix,51.0,TWO,2023-09-19 15:40:18,Sectorul 1| Bucuresti,670
7965909,2 camere Unirii FANTANI / Parlament / Centru Vechi,2-camere-unirii-fantani-parlament-centru-vechi-IDxqip,67.0,TWO,2023-09-19 15:39:19,Centrul Civic| Sectorul 3| Bucuresti,500
7965899,"Inchiriez apartament 2 camere Stefan cel Mare, Lizeanu.",inchiriez-apartament-2-camere-stefan-cel-mare-lizeanu-IDxqif,56.0,TWO,2023-09-19 15:37:07,Sectorul 2| Bucuresti,500
7965886,Apartament Ultracentral Uniiversitate,apartament-ultracentral-uniiversitate-IDxqi2,45.0,TWO,2023-09-19 15:34:31,Cismigiu| Sectorul 1| Bucuresti,600
7965885,Garsoniera spatioasa cu centrala termica,garsoniera-spatioasa-cu-centrala-termica-IDxqi1,45.0,ONE,2023-09-19 15:34:07,Salaj| Sectorul 5| Bucuresti,320
7965860,3 Camere | Nicolae Grigorescu | Loc Parcare | Balcon | 2xAC,3-camere-nicolae-grigorescu-loc-parcare-balcon-2xac-IDxqhC,65.0,THREE,2023-09-19 15:29:55,Titan| Sectorul 3| Bucuresti,400
7965846,Apartament Modern 3 Camere Floreasca Residence Mall Promenada,apartament-modern-3-camere-floreasca-residence-mall-promenada-IDxqho,75.0,THREE,2023-09-19 15:26:38,Tei| Sectorul 2| Bucuresti,1000
7965816,Baneasa | Damaroaia |3 Camere | Centrala Proprie | Prima Inchiriere |,baneasa-damaroaia-3-camere-centrala-proprie-prima-inchiriere-IDxqgU,71.0,THREE,2023-09-19 15:21:51,Damaroaia| Sectorul 1| Bucuresti,750
7965814,"Garsoniera de inchiriat, Militari Residence, Mutare Imediata!",garsoniera-de-inchiriat-militari-residence-mutare-imediata-IDxqgS,31.0,ONE,2023-09-19 15:21:18,Militari| Sectorul 6| Bucuresti,1300
7965811,Inchiriere apartament 2 camere,inchiriere-apartament-2-camere-IDxqgP,52.0,TWO,2023-09-19 15:21:14,Titan| Sectorul 3| Bucuresti,2100
7965807,Apartament 2 camere | MetroCity | Mobilat si utilat | Centrala |Metrou,apartament-2-camere-metrocity-mobilat-si-utilat-centrala-metrou-IDxqgL,55.0,TWO,2023-09-19 15:20:58,13 Septembrie| Sectorul 5| Bucuresti,650
7965794,Inchiriz garsoniera Bulevardul Uverturii-Gorjului,inchiriz-garsoniera-bulevardul-uverturii-gorjului-IDxqgy,45.0,ONE,2023-09-19 15:18:32,Militari| Sectorul 6| Bucuresti,1800
7965791,Garsoniera de inchiriat,garsoniera-de-inchiriat-IDxqgw,32.0,ONE,2023-09-19 15:18:31,Titan| Sectorul 3| Bucuresti,360
7791017,"Prima inchiriere! Studio de lux, centrala proprie, parcare subterana",prima-inchiriere-studio-de-lux-centrala-proprie-parcare-subterana-IDvGNz,41.8,TWO,2023-09-19 15:15:51,Militari| Sectorul 6| Bucuresti,700
7965774,Proprietar. Inchiriere 3 camere termen lung +loc de parcare,proprietar-inchiriere-3-camere-termen-lung-loc-de-parcare-IDxqge,78.0,THREE,2023-09-19 15:15:03,Cismigiu| Sectorul 1| Bucuresti,530
7965742,Berceni Grand Arena Metalurgiei Aparatorii Patriei Nou Centrala Parcar,berceni-grand-arena-metalurgiei-aparatorii-patriei-nou-centrala-parcar-IDxqfI,65.0,TWO,2023-09-19 15:11:00,IMGB| Sectorul 4| Bucuresti,400
7965741,Belvedere Residence | 2 Camere | Centrala Proprie | Pet | 2 Balcoane |,belvedere-residence-2-camere-centrala-proprie-pet-2-balcoane-IDxqfH,53.0,TWO,2023-09-19 15:10:48,Pipera| Sectorul 2| Bucuresti,750
7965732,3 camere | Parcare | Baneasa | Balcon | Greenfield Residence | Centra,3-camere-parcare-baneasa-balcon-greenfield-residence-centra-IDxqfy,75.0,THREE,2023-09-19 15:09:31,Baneasa| Sectorul 1| Bucuresti,635
7965729,Apartament 2 camere | MetroCity | Mobilat si utilat | Centrala |Metrou,apartament-2-camere-metrocity-mobilat-si-utilat-centrala-metrou-IDxqfw,50.0,TWO,2023-09-19 15:09:01,13 Septembrie| Sectorul 5| Bucuresti,600
7965722,3 Camere Arcul de Triumf | Parcare Subterana,3-camere-arcul-de-triumf-parcare-subterana-IDxqfo,108.0,THREE,2023-09-19 15:08:10,Domenii| Sectorul 1| Bucuresti,1550
7965716,Apartament 2 camere Baba Novac,apartament-2-camere-baba-novac-IDxqfi,56.0,TWO,2023-09-19 15:06:37,Titan| Sectorul 3| Bucuresti,500
7965713,Închiriere apartament 2 camere Bd. Mihail Kogălniceanu Sector 5,nchiriere-apartament-2-camere-bd-mihail-koglniceanu-sector-5-IDxqff,43.0,TWO,2023-09-19 15:06:00,Centrul Civic| Sectorul 5| Bucuresti,450
7965705,2 cam SEBASTIAN parc - 13 Septembrie,2-cam-sebastian-parc-13-septembrie-IDxqf7,60.0,TWO,2023-09-19 15:04:14,Rahova| Sectorul 5| Bucuresti,380
7965699,De inchiriat apartament 2 camere Calea Dorobanti 110,de-inchiriat-apartament-2-camere-calea-dorobanti-110-IDxqf1,46.0,TWO,2023-09-19 15:03:28,Dorobanti| Sectorul 1| Bucuresti,699
7965697,Garsoniera Aleea Dreptatii nr 5 Renovata aproape Lujerului,garsoniera-aleea-dreptatii-nr-5-renovata-aproape-lujerului-IDxqeZ,42.0,ONE,2023-09-19 15:02:56,Militari| Sectorul 6| Bucuresti,350
7965691,Ap 2 camere | Dr. Taberei | Prelungirea Ghencea | Metrou Raul Doamnei,ap-2-camere-dr-taberei-prelungirea-ghencea-metrou-raul-doamnei-IDxqeT,61.0,TWO,2023-09-19 15:01:52,Drumul Taberei| Sectorul 6| Bucuresti,500
7965684,2 CAMERE | EMINESCU | MODERN,2-camere-eminescu-modern-IDxqeM,60.0,TWO,2023-09-19 14:59:36,Eminescu| Sectorul 2| Bucuresti,600
7965683,Inchiriere 3 camere Matei Basarab,inchiriere-3-camere-matei-basarab-IDxqeL,85.0,THREE,2023-09-19 14:59:25,Cismigiu| Sectorul 1| Bucuresti,600
7965679,Apartament 2 Camere | Drumul Taberei | Zona Favorit,apartament-2-camere-drumul-taberei-zona-favorit-IDxqeH,48.0,TWO,2023-09-19 14:57:51,Militari| Sectorul 6| Bucuresti,350
5961324,Inchiriere apartament 2 camere - Lujerului (langa plaza mall),inchiriere-apartament-2-camere-lujerului-langa-plaza-mall-IDp0Oo,56.0,TWO,2023-09-19 14:57:17,Militari| Sectorul 6| Bucuresti,620
7965675,Apartament Floreasca,apartament-floreasca-IDxqeD,40.0,TWO,2023-09-19 14:57:14,Floreasca| Sectorul 2| Bucuresti,550
7965674,Apartament 2 camere | Belvedere | Incalzire in pardoseala,apartament-2-camere-belvedere-incalzire-in-pardoseala-IDxqeC,50.0,TWO,2023-09-19 14:56:50,Pipera| Sectorul 2| Bucuresti,660
7965669,Dristor | Garsoniera | Mobilata | Utilata | 10 min metrou,dristor-garsoniera-mobilata-utilata-10-min-metrou-IDxqex,42.0,ONE,2023-09-19 14:55:17,Decebal| Sectorul 3| Bucuresti,300
6197578,proprietar inchiriez garsoniera in sector 4,proprietar-inchiriez-garsoniera-in-sector-4-IDq0gV,30.0,ONE,2023-09-19 14:47:02,Berceni| Sectorul 4| Bucuresti,240
7965617,Anunturi diverse,anunturi-diverse-IDxqdH,60.0,THREE,2023-09-19 14:45:01,Titan| Sectorul 3| Bucuresti,1500
7965611,Apartament modern cu 3 camere si vedere spre lac,apartament-modern-cu-3-camere-si-vedere-spre-lac-IDxqdB,140.0,THREE,2023-09-19 14:43:42,Tei| Sectorul 2| Bucuresti,2500
7965608,"Închiriere garsonieră cu parcare, Parklake Mall - Dristor",nchiriere-garsonier-cu-parcare-parklake-mall-dristor-IDxqdy,32.0,ONE,2023-09-19 14:42:36,Titan| Sectorul 3| Bucuresti,300
7965606,Apartament 2 camere | Belvedere | Parcare subterana | PET Friendly,apartament-2-camere-belvedere-parcare-subterana-pet-friendly-IDxqdv,50.0,TWO,2023-09-19 14:42:35,Pipera| Sectorul 2| Bucuresti,700
7965556,Drumul Taberei Scoala Sf Andrei!,drumul-taberei-scoala-sf-andrei-IDxqcI,65.0,THREE,2023-09-19 14:34:39,Drumul Taberei| Sectorul 6| Bucuresti,600
7965542,"Apartament generos cu 3 camere, 2 bai | garaj |  terasa",apartament-generos-cu-3-camere-2-bai-garaj-terasa-IDxqcu,118.0,THREE,2023-09-19 14:31:21,Baneasa| Sectorul 1| Bucuresti,1900
7965533,Garsoniera open space Quadra2 de închiriat,garsoniera-open-space-quadra2-de-nchiriat-IDxqcl,30.0,ONE,2023-09-19 14:30:38,Militari| Sectorul 6| Bucuresti,330
7965434,Barbu Vacarescu/Aviatiei/Belvedere Residence cu loc de parcare,barbu-vacarescu-aviatiei-belvedere-residence-cu-loc-de-parcare-IDxqaK,50.0,TWO,2023-09-19 14:30:35,Pipera| Sectorul 2| Bucuresti,700
7965525,Garsoniera de inchiriat,garsoniera-de-inchiriat-IDxqcd,40.0,ONE,2023-09-19 14:28:41,Militari| Sectorul 6| Bucuresti,370
7965516,"Garsoniera LUX, in zona Piata Romana",garsoniera-lux-in-zona-piata-romana-IDxqc4,38.0,ONE,2023-09-19 14:26:07,Piata Romana| Sectorul 1| Bucuresti,420
7965505,Apartament 2 camere bloc nou Exigent Plaza Residence Centrala Lujerulu,apartament-2-camere-bloc-nou-exigent-plaza-residence-centrala-lujerulu-IDxqbT,65.0,TWO,2023-09-19 14:24:22,Militari| Sectorul 6| Bucuresti,600
7965501,"Inchiriere apartament 2 camere, Camil Ressu, zona parc IOR",inchiriere-apartament-2-camere-camil-ressu-zona-parc-ior-IDxqbP,50.0,TWO,2023-09-19 14:23:46,Titan| Sectorul 3| Bucuresti,420
7965497,Apartament de inchiriat 2 camere,apartament-de-inchiriat-2-camere-IDxqbL,55.0,TWO,2023-09-19 14:23:11,Berceni| Sectorul 4| Bucuresti,400
4514647,2 camere / 60 mp / Modern - Drumul Taberei (Proprietar),2-camere-60-mp-modern-drumul-taberei-proprietar-IDiVsT,60.0,TWO,2023-09-19 14:21:35,Militari| Sectorul 6| Bucuresti,550
7965493,Garsoniera | Berceni - Brancoveanu | AC | Balcon | Boiler,garsoniera-berceni-brancoveanu-ac-balcon-boiler-IDxqbH,30.0,ONE,2023-09-19 14:21:30,Berceni| Sectorul 4| Bucuresti,330
7965490,"Barbu Vacarescu, bloc nou, parcare, Hotel Caro",barbu-vacarescu-bloc-nou-parcare-hotel-caro-IDxqbE,93.0,TWO,2023-09-19 14:21:05,Pipera| Sectorul 2| Bucuresti,750
7965488,Închiriez garsoniera Pantelimon ( langa parcul Morarilor ),nchiriez-garsoniera-pantelimon-langa-parcul-morarilor-IDxqbC,24.0,ONE,2023-09-19 14:20:51,Sectorul 2| Bucuresti,1150
7406519,NOU! Apartament 3 Camere Baneasa | Complex The Ivy,nou-apartament-3-camere-baneasa-complex-the-ivy-IDw4LZ,83.0,THREE,2023-09-19 14:20:03,Baneasa| Sectorul 1| Bucuresti,1000
7965477,Obor | Garsoniera | Mobilat | Utilat | 10 min metrou,obor-garsoniera-mobilat-utilat-10-min-metrou-IDxqbr,28.0,ONE,2023-09-19 14:18:27,Mosilor| Sectorul 2| Bucuresti,350
7965467,Garsoniera de inchiriat zona Libertatii,garsoniera-de-inchiriat-zona-libertatii-IDxqbh,40.0,ONE,2023-09-19 14:15:55,Centrul Civic| Sectorul 5| Bucuresti,700
7965449,Ap 3 Cam | Unirii - Ultracentral | 5 min metrou,ap-3-cam-unirii-ultracentral-5-min-metrou-IDxqaZ,88.0,THREE,2023-09-19 14:13:16,Centrul Civic| Sectorul 3| Bucuresti,650
7965444,4 Camere Soseaua Nordului Herastrau Aviatiei Parcare Terasa,4-camere-soseaua-nordului-herastrau-aviatiei-parcare-terasa-IDxqaU,156.0,FOUR,2023-09-19 14:12:43,Herastrau| Sectorul 1| Bucuresti,2000
7965442,Unirii | Biblioteca Nationala | 2 Camere | Centrala Proprie | Nemobila,unirii-biblioteca-nationala-2-camere-centrala-proprie-nemobila-IDxqaS,69.0,TWO,2023-09-19 14:12:11,Centrul Civic| Sectorul 3| Bucuresti,900
7965403,Inchiriez apartament 2 camere Bucuresti-Vitan,inchiriez-apartament-2-camere-bucuresti-vitan-IDxqaf,55.0,TWO,2023-09-19 14:07:23,Vitan| Sectorul 3| Bucuresti,350
7965400,DECEBAL - 2 CAMERE / LUX / PRIMA INCHIRIERE / BALCON,decebal-2-camere-lux-prima-inchiriere-balcon-IDxqac,75.0,TWO,2023-09-19 14:07:21,Centrul Civic| Sectorul 3| Bucuresti,1200
7965385,Berceni Grand Arena Metalurgiei Metrou Dimitrie Leonida Nou Lux Terasa,berceni-grand-arena-metalurgiei-metrou-dimitrie-leonida-nou-lux-terasa-IDxq9X,70.0,TWO,2023-09-19 14:01:35,IMGB| Sectorul 4| Bucuresti,550
7965364,Berceni 3` Metrou Eroii Revolutiei Parc Carol Tineretului Renovat,berceni-3-metrou-eroii-revolutiei-parc-carol-tineretului-renovat-IDxq9C,60.0,TWO,2023-09-19 13:56:51,Sectorul 4| Bucuresti,450
7965341,Unirii | Centrul Vechi | Lux | Metrou,unirii-centrul-vechi-lux-metrou-IDxq9f,46.0,TWO,2023-09-19 13:50:40,Centrul Istoric| Sectorul 3| Bucuresti,1000
7965316,Bercenu - Brancoveanu | 2 camere | Mobilat | Utilat,bercenu-brancoveanu-2-camere-mobilat-utilat-IDxq8Q,41.0,TWO,2023-09-19 13:42:04,Berceni| Sectorul 4| Bucuresti,350
7965305,Baneasa - Cartier Henri Coanda  | 2 Camere |  Centrala | Balcon | Parc,baneasa-cartier-henri-coanda-2-camere-centrala-balcon-parc-IDxq8F,78.0,TWO,2023-09-19 13:39:18,Henri Coanda| Sectorul 1| Bucuresti,600
7965295,"Gorjului, apartament 3 camere decomandat",gorjului-apartament-3-camere-decomandat-IDxq8w,75.0,THREE,2023-09-19 13:37:05,Militari| Sectorul 6| Bucuresti,390
7965259,Baneasa - Sisesti | Pipera | Aviatiei | Escape Residence | Bloc 2023 |,baneasa-sisesti-pipera-aviatiei-escape-residence-bloc-2023-IDxq7W,70.0,THREE,2023-09-19 13:32:45,Damaroaia| Sectorul 1| Bucuresti,750
7965256,Apartament 2 camere Dristor Ramnicu Sarat Park Lake,apartament-2-camere-dristor-ramnicu-sarat-park-lake-IDxq7S,59.0,TWO,2023-09-19 13:32:09,Titan| Sectorul 3| Bucuresti,450
7965247,2 CAMERE - CISMIGIU / PARCARE / METROU / AC / BALCON,2-camere-cismigiu-parcare-metrou-ac-balcon-IDxq7J,75.0,TWO,2023-09-19 13:31:03,Cismigiu| Sectorul 1| Bucuresti,785
7965242,Apartament 2 camere  Piata Muncii,apartament-2-camere-piata-muncii-IDxq7E,57.0,TWO,2023-09-19 13:30:39,Decebal| Sectorul 3| Bucuresti,570
7965239,Apartament cu 2 camere in Rose Garden Colentina,apartament-cu-2-camere-in-rose-garden-colentina-IDxq7B,62.0,TWO,2023-09-19 13:30:15,Tei| Sectorul 2| Bucuresti,600
7965223,Garsoniera  Complex 21 Residence,garsoniera-complex-21-residence-IDxq7l,37.0,ONE,2023-09-19 13:26:34,Militari| Sectorul 6| Bucuresti,450
7965216,2 Camere | Militari - Lujerului | METROU |  AC,2-camere-militari-lujerului-metrou-ac-IDxq7e,45.0,TWO,2023-09-19 13:25:21,Militari| Sectorul 6| Bucuresti,450
7965209,Garsoniera Moghioros Residence,garsoniera-moghioros-residence-IDxq77,43.0,ONE,2023-09-19 13:24:21,Cismigiu| Sectorul 1| Bucuresti,420
7965206,Închiriez apartament 2 camere,nchiriez-apartament-2-camere-IDxq74,60.0,TWO,2023-09-19 13:24:19,Berceni| Sectorul 4| Bucuresti,400
7965202,2 camere Colentina | Complet mobilat si utilat | Loc parcare,2-camere-colentina-complet-mobilat-si-utilat-loc-parcare-IDxq70,53.0,TWO,2023-09-19 13:23:30,Sectorul 2| Bucuresti,400
7965199,Pipera |Belvedere Residence | Apartament 2 Camere | Centrala Propie |,pipera-belvedere-residence-apartament-2-camere-centrala-propie-IDxq6X,50.0,TWO,2023-09-19 13:22:54,Pipera| Sectorul 2| Bucuresti,660
7965192,Drumul Taberei Moghioros Residence Totul Nou,drumul-taberei-moghioros-residence-totul-nou-IDxq6Q,60.0,TWO,2023-09-19 13:21:24,Drumul Taberei| Sectorul 6| Bucuresti,600
7965191,Apartament 3 Camere| Calea Calarasilor | Centrala | Balcon,apartament-3-camere-calea-calarasilor-centrala-balcon-IDxq6P,78.0,THREE,2023-09-19 13:21:11,Centrul Civic| Sectorul 3| Bucuresti,500
7965175,Tineretului | 2 Camere | Centrala | Parcare | Mobilat/Utilat Modern,tineretului-2-camere-centrala-parcare-mobilat-utilat-modern-IDxq6z,60.0,TWO,2023-09-19 13:17:12,Carol| Sectorul 4| Bucuresti,650
7965164,Titan 7` Metrou Nicolae Grigorescu Camil Ressu Parc IOR Renovat,titan-7-metrou-nicolae-grigorescu-camil-ressu-parc-ior-renovat-IDxq6o,60.0,TWO,2023-09-19 13:14:34,Titan| Sectorul 3| Bucuresti,450
7965163,Apartament 2 camere decomandat in Rotar Park 2 - Militari,apartament-2-camere-decomandat-in-rotar-park-2-militari-IDxq6n,55.0,TWO,2023-09-19 13:14:23,Militari| Sectorul 6| Bucuresti,400
7965161,Unirii | Corneliu Coposu | 3 Camere | Metrou | Izolat Fonic | Curat |,unirii-corneliu-coposu-3-camere-metrou-izolat-fonic-curat-IDxq6l,88.0,THREE,2023-09-19 13:13:49,Centrul Civic| Sectorul 3| Bucuresti,650
7965146,"Tineretului, apartament 3 camere decomandat Renovat Nou",tineretului-apartament-3-camere-decomandat-renovat-nou-IDxq66,80.0,THREE,2023-09-19 13:10:38,Berceni| Sectorul 4| Bucuresti,800
7965143,"AP. 3 CAMERE SALAJAN,  CURAT, BUCATARIE INCHISA, MUTARE IMEDIATA",ap-3-camere-salajan-curat-bucatarie-inchisa-mutare-imediata-IDxq63,60.0,THREE,2023-09-19 13:09:21,Titan| Sectorul 3| Bucuresti,500
7947180,Închiriez Garsonieră,nchiriez-garsonier-IDxlqk,44.0,ONE,2023-09-19 13:07:17,Cartierul Evreiesc| Sectorul 3| Bucuresti,370
7965130,Tineretului 5` Metrou Parc Carol Piata Unirii Cantemir Nou Centrala,tineretului-5-metrou-parc-carol-piata-unirii-cantemir-nou-centrala-IDxq5Q,60.0,TWO,2023-09-19 13:07:10,Carol| Sectorul 4| Bucuresti,650
7965127,AP 2 CAMERE | TINERETULUI | CENTRALA | PET FRIENDLY | 7MIN METROU,ap-2-camere-tineretului-centrala-pet-friendly-7min-metrou-IDxq5N,60.0,TWO,2023-09-19 13:06:27,Carol| Sectorul 4| Bucuresti,650
7965111,Prelungirea Ghencea | 2 camere | Mobilat | Utilat,prelungirea-ghencea-2-camere-mobilat-utilat-IDxq5x,45.0,TWO,2023-09-19 13:04:16,Brancusi| Sectorul 6| Bucuresti,300
7965101,Aviatiei | 3 Camere | Promenada Mall | Metrou Aurel Vlaicu,aviatiei-3-camere-promenada-mall-metrou-aurel-vlaicu-IDxq5n,70.0,THREE,2023-09-19 13:03:37,Pipera| Sectorul 2| Bucuresti,590
7965100,Apartament 3 camere Aviatiei- inchiriere,apartament-3-camere-aviatiei-inchiriere-IDxq5m,70.0,THREE,2023-09-19 13:03:25,Baneasa| Sectorul 1| Bucuresti,650
7965072,2 Camere | Grozavesti | AC | Metrou Aproximitate,2-camere-grozavesti-ac-metrou-aproximitate-IDxq4U,52.0,TWO,2023-09-19 12:59:33,Grozavesti| Sectorul 6| Bucuresti,700
7965061,"Magheru, 2 locuri parcare, bloc 1980",magheru-2-locuri-parcare-bloc-1980-IDxq4J,83.0,FOUR,2023-09-19 12:57:04,Piata Romana| Sectorul 1| Bucuresti,1000
7965059,"Garsoniera LUX , in zona Victoriei .",garsoniera-lux-in-zona-victoriei-IDxq4H,25.0,ONE,2023-09-19 12:56:50,Gara de Nord| Sectorul 1| Bucuresti,450
7965007,"Apartament, 57 m², ",apartament-57-m-bucuresti-judet-sectorul-1-IDxq3R,57.0,THREE,2023-09-19 12:51:17,Victoriei| Sectorul 1| Bucuresti,950
7965023,Apartament 2 camere Cotroceni-Gradina Botanica | centrala proprie,apartament-2-camere-cotroceni-gradina-botanica-centrala-proprie-IDxq47,50.0,TWO,2023-09-19 12:50:54,Cotroceni| Sectorul 5| Bucuresti,650
7965014,Drumul Taberei | 3 Camere | Centrala Proprie | Loc de Parcare | Balcon,drumul-taberei-3-camere-centrala-proprie-loc-de-parcare-balcon-IDxq3Y,70.0,THREE,2023-09-19 12:48:19,Drumul Taberei| Sectorul 6| Bucuresti,420
7965004,"Inchiriere 2 camere decomandat, bloc 2020, prima inchiriere, 3 minute",inchiriere-2-camere-decomandat-bloc-2020-prima-inchiriere-3-minute-IDxq3O,57.0,TWO,2023-09-19 12:47:47,Dristor| Sectorul 3| Bucuresti,550
7964989,2 Camere | Grozavesti | AC | Mobilat/Utilat,2-camere-grozavesti-ac-mobilat-utilat-IDxq3z,60.0,TWO,2023-09-19 12:45:38,Grozavesti| Sectorul 6| Bucuresti,650
7964979,2 camere decomandat centrala termica Lidl Iuliu Maniu (zona Pacii),2-camere-decomandat-centrala-termica-lidl-iuliu-maniu-zona-pacii-IDxq3p,53.0,TWO,2023-09-19 12:44:15,Militari| Sectorul 6| Bucuresti,530
7964975,"AP. 3 CAMERE RENOVAT, MIRCEA VODA, BLOC REABILITAT,CENTRALA DE IMOBIL.",ap-3-camere-renovat-mircea-voda-bloc-reabilitat-centrala-de-imobil-IDxq3l,75.0,THREE,2023-09-19 12:43:40,Nerva Traian| Sectorul 3| Bucuresti,550
7959694,inchiriez garsoniera Vatra Luminoasa,inchiriez-garsoniera-vatra-luminoasa-IDxoGa,42.0,ONE,2023-09-19 12:43:27,Iancului| Sectorul 2| Bucuresti,349
7964968,Apartament 2 Camere Exigent Plaza Residence Lujerului Cora Afi,apartament-2-camere-exigent-plaza-residence-lujerului-cora-afi-IDxq3e,55.0,TWO,2023-09-19 12:41:26,Drumul Taberei| Sectorul 6| Bucuresti,600
7964934,Inchiriez apartament Piața 1 mai.,inchiriez-apartament-piaa-1-mai-IDxq2G,76.0,THREE,2023-09-19 12:35:52,Baneasa| Sectorul 1| Bucuresti,550
7964928,Drumul Taberei | 1 minut metrou | 2 camere | Mobilat | Utilat,drumul-taberei-1-minut-metrou-2-camere-mobilat-utilat-IDxq2A,50.0,TWO,2023-09-19 12:35:11,Drumul Taberei| Sectorul 6| Bucuresti,350
7964917,Apartament 3 camere - Timpuri Noi,apartament-3-camere-timpuri-noi-IDxq2p,70.0,THREE,2023-09-19 12:33:43,Berceni| Sectorul 4| Bucuresti,650
7964916,Drumul Taberei Ghencea Posta Constantin Titel Petrescu,drumul-taberei-ghencea-posta-constantin-titel-petrescu-IDxq2o,54.0,TWO,2023-09-19 12:33:11,Tudor Vladimirescu| Sectorul 6| Bucuresti,350
7964889,Iancului - Mihai Bravu / Garsoniera Decomandata / Balcon Metrou,iancului-mihai-bravu-garsoniera-decomandata-balcon-metrou-IDxq1X,42.0,ONE,2023-09-19 12:29:22,Iancului| Sectorul 2| Bucuresti,350
7964881,Incity*Prima Inchiriere*Modern*Etaj 4*Vedere placuta*Corp A,incityprima-inchirieremodernetaj-4vedere-placutacorp-a-IDxq1P,50.0,ONE,2023-09-19 12:29:01,Decebal| Sectorul 3| Bucuresti,600
7964880,Garsoniera Metrou Piata Iancului,garsoniera-metrou-piata-iancului-IDxq1O,35.0,ONE,2023-09-19 12:29:01,Cismigiu| Sectorul 1| Bucuresti,370
7964852,STUDIO | BIROU | ONE VERDI PARK | FLOREASCA,studio-birou-one-verdi-park-floreasca-IDxq1m,39.0,ONE,2023-09-19 12:27:46,Floreasca| Sectorul 2| Bucuresti,1100
7964840,Crangasi | 2 camere | 10 min metrou | Mobilat | Utilat,crangasi-2-camere-10-min-metrou-mobilat-utilat-IDxq1a,56.0,TWO,2023-09-19 12:27:26,Crangasi| Sectorul 6| Bucuresti,340
7953101,Apartament 2 cam | Hils | Mobilat utilat | Centrala | Parcare | Metrou,apartament-2-cam-hils-mobilat-utilat-centrala-parcare-metrou-IDxmXP,54.0,TWO,2023-09-19 12:26:28,Theodor Pallady| Sectorul 3| Bucuresti,500
7779568,Apartament 2 Camere | Baneasa | The Ivy,apartament-2-camere-baneasa-the-ivy-IDvDOU,60.0,TWO,2023-09-19 12:26:24,Baneasa| Sectorul 1| Bucuresti,720
7964821,"Inchiriere apartament 2 camere, zona Vitan",inchiriere-apartament-2-camere-zona-vitan-IDxq0R,70.0,TWO,2023-09-19 12:12:51,Vitan| Sectorul 3| Bucuresti,500
7964795,"Inchiriere apartament 3 camere, Dorobanti",inchiriere-apartament-3-camere-dorobanti-IDxq0r,74.0,THREE,2023-09-19 12:06:23,Dorobanti| Sectorul 1| Bucuresti,1000
7964792,Inchiriez Apartament 2 camere 52 mp Aviatiei metrou Aurel Vlaicu,inchiriez-apartament-2-camere-52-mp-aviatiei-metrou-aurel-vlaicu-IDxq0o,52.0,TWO,2023-09-19 12:06:21,Aviatiei| Sectorul 1| Bucuresti,490
7964767,Închiriez Garsonieră la Piața Norilor Timpuri Noi,nchiriez-garsonier-la-piaa-norilor-timpuri-noi-IDxpZZ,35.0,ONE,2023-09-19 11:58:43,Tineretului| Sectorul 4| Bucuresti,350
7964772,Apartament 2 camere Militari Uverturii Residence bloc nou LUX,apartament-2-camere-militari-uverturii-residence-bloc-nou-lux-IDxq04,56.0,TWO,2023-09-19 11:58:25,Militari| Sectorul 6| Bucuresti,550
7964761,Militari | Centrala | Balcon |  Bloc Nou | Primul Chirias | Complet mo,militari-centrala-balcon-bloc-nou-primul-chirias-complet-mo-IDxpZT,32.0,ONE,2023-09-19 11:55:55,Militari| Sectorul 6| Bucuresti,300
7964759,2 CAMERE | DOROBANTI,2-camere-dorobanti-IDxpZR,62.0,TWO,2023-09-19 11:55:32,Dorobanti| Sectorul 1| Bucuresti,600
7964750,"Inchiriere apartament 3 camere, Mall Vitan",inchiriere-apartament-3-camere-mall-vitan-IDxpZI,73.0,THREE,2023-09-19 11:53:39,Vitan| Sectorul 3| Bucuresti,800
7964747,Garsoniera Gorjului,garsoniera-gorjului-IDxpZF,40.0,ONE,2023-09-19 11:53:25,Cismigiu| Sectorul 1| Bucuresti,1600
7964741,Drumul Taberei | 2 camere | Mobilat | Utilat,drumul-taberei-2-camere-mobilat-utilat-IDxpZz,52.0,TWO,2023-09-19 11:52:19,Ghencea| Sectorul 5| Bucuresti,300
7707216,Dorobanti/Floreasca/strada Tudor Stefan,dorobanti-floreasca-strada-tudor-stefan-IDvkZV,100.0,THREE,2023-09-19 11:49:11,Floreasca| Sectorul 1| Bucuresti,1200
7964712,2 Camere /Centrala / Aviateiei / Pipera / Nusco / Metou,2-camere-centrala-aviateiei-pipera-nusco-metou-IDxpZ6,52.0,TWO,2023-09-19 11:46:32,Pipera| Sectorul 2| Bucuresti,800
7964705,3 Camere Herastrau | Parcare Subterana,3-camere-herastrau-parcare-subterana-IDxpYZ,100.0,THREE,2023-09-19 11:45:54,Aviatiei| Sectorul 1| Bucuresti,1150
7964699,"2 camere Mall Vitan, 65mp",2-camere-mall-vitan-65mp-IDxpYT,65.0,TWO,2023-09-19 11:44:00,Vitan| Sectorul 3| Bucuresti,560
7964697,Apartament 2 camere LUX - Parcul Carol,apartament-2-camere-lux-parcul-carol-IDxpYR,70.0,TWO,2023-09-19 11:43:38,Pieptanari| Sectorul 5| Bucuresti,600
7964690,2 Camere | Belvedere Residence | Pipera - Aviatiei | Balcon |,2-camere-belvedere-residence-pipera-aviatiei-balcon-IDxpYK,58.0,TWO,2023-09-19 11:42:44,Pipera| Sectorul 2| Bucuresti,650
7964689,"Spatiu birou, Bulevardul Unirii, 71mp, bloc stradal",spatiu-birou-bulevardul-unirii-71mp-bloc-stradal-IDxpYJ,71.0,TWO,2023-09-19 11:42:20,Decebal| Sectorul 3| Bucuresti,450
7964686,"2 camere zona Floreasca, 43mp+boxa 10mp",2-camere-zona-floreasca-43mp-boxa-10mp-IDxpYG,43.0,TWO,2023-09-19 11:41:43,Floreasca| Sectorul 2| Bucuresti,620
7964681,Garsoniera | Victorei - Gara de nord | AC | Metrou 9 Minute,garsoniera-victorei-gara-de-nord-ac-metrou-9-minute-IDxpYB,27.0,ONE,2023-09-19 11:40:53,Gara de Nord| Sectorul 1| Bucuresti,460
7964667,"Inchiriere 2 Camere Drumul Taberei, AFI Cotroceni, Metrou Favorit",inchiriere-2-camere-drumul-taberei-afi-cotroceni-metrou-favorit-IDxpYn,50.0,TWO,2023-09-19 11:38:07,Drumul Taberei| Sectorul 6| Bucuresti,500
7964665,"Inchiriere apartament 2 camere, Roka Residence",inchiriere-apartament-2-camere-roka-residence-IDxpYl,70.0,THREE,2023-09-19 11:37:56,Nerva Traian| Sectorul 3| Bucuresti,900
7964653,Apartament 2 camere bloc nou Prelungirea Ghecea cu Valea Oltului Lukoi,apartament-2-camere-bloc-nou-prelungirea-ghecea-cu-valea-oltului-lukoi-IDxpY9,63.0,TWO,2023-09-19 11:35:19,Ghencea| Sectorul 6| Bucuresti,400
7935581,Apartament 2 cam zona Raul Colentina centrala termica ID 13516,apartament-2-cam-zona-raul-colentina-centrala-termica-id-13516-IDxipf,64.0,TWO,2023-09-19 11:35:08,Colentina| Sectorul 2| Bucuresti,1800
7964649,Colentina Mcdonalds  Logiscool,colentina-mcdonalds-logiscool-IDxpY5,65.0,THREE,2023-09-19 11:34:57,Sectorul 2| Bucuresti,300
7964634,Apartament 2 camere Plaza Residence -faza 2 (langa Plaza Mall),apartament-2-camere-plaza-residence-faza-2-langa-plaza-mall-IDxpXQ,60.0,TWO,2023-09-19 11:31:21,Militari| Sectorul 6| Bucuresti,570
7964625,Apartament 2 camere Unirii-Cantemir | langa metrou Tineretului,apartament-2-camere-unirii-cantemir-langa-metrou-tineretului-IDxpXH,56.0,TWO,2023-09-19 11:29:37,Centrul Civic| Sectorul 4| Bucuresti,450
7964623,Apartament de inchiriat Floreasca,apartament-de-inchiriat-floreasca-IDxpXF,50.0,TWO,2023-09-19 11:29:24,Berceni| Sectorul 4| Bucuresti,350
7964606,Închiriez Apartament cu 2 camere in Palady,nchiriez-apartament-cu-2-camere-in-palady-IDxpXo,56.0,TWO,2023-09-19 11:27:50,Theodor Pallady| Sectorul 3| Bucuresti,400
7964583,3 camere decomandat facultatea de constructii,3-camere-decomandat-facultatea-de-constructii-IDxpX1,75.0,THREE,2023-09-19 11:23:21,Tei| Sectorul 2| Bucuresti,460
7964570,"Apartament 2 camere Berceni, Aparatorii patriei",apartament-2-camere-berceni-aparatorii-patriei-IDxpVO,50.0,TWO,2023-09-19 11:20:29,Aparatorii Patriei| Sectorul 4| Bucuresti,400
7964564,Herastrau | 3 Camere | Lux | Mobilat/Utilat | Centrala Bloc | Parcare,herastrau-3-camere-lux-mobilat-utilat-centrala-bloc-parcare-IDxpVI,78.0,THREE,2023-09-19 11:19:23,Herastrau| Sectorul 1| Bucuresti,1200
7964561,Drumul Taberei Moghiorosi Residence Totul Nou,drumul-taberei-moghiorosi-residence-totul-nou-IDxpVF,94.0,FOUR,2023-09-19 11:18:59,Drumul Taberei| Sectorul 6| Bucuresti,500
7964557,2 Camere | Lujerului - Militari  | Balcon | 3 Min Metrou,2-camere-lujerului-militari-balcon-3-min-metrou-IDxpVB,50.0,TWO,2023-09-19 11:18:07,Militari| Sectorul 6| Bucuresti,450
7964554,Apartament 2 camere | Parcare inclusă | Belvedere Residence,apartament-2-camere-parcare-inclus-belvedere-residence-IDxpVy,53.0,TWO,2023-09-19 11:17:39,Pipera| Sectorul 2| Bucuresti,750
7964519,Unirii,unirii-IDxpWZ,71.0,TWO,2023-09-19 11:09:14,Centrul Civic| Sectorul 3| Bucuresti,600
7964462,Închiriez Garsonieră in zona Matei Basarab Hyperion,nchiriez-garsonier-in-zona-matei-basarab-hyperion-IDxpW4,42.0,ONE,2023-09-19 11:01:41,Centrul Civic| Sectorul 3| Bucuresti,375
7964475,Inchiriere apartament 2 camere | Piata Iancului |,inchiriere-apartament-2-camere-piata-iancului-IDxpWh,54.0,TWO,2023-09-19 11:01:33,Pantelimon| Sectorul 2| Bucuresti,449
7964463,Dorobanti - Piata Victoriei | Prima inchiriere | 2 camere | Balcon inc,dorobanti-piata-victoriei-prima-inchiriere-2-camere-balcon-inc-IDxpW5,46.0,TWO,2023-09-19 10:59:41,Floreasca| Sectorul 1| Bucuresti,900
7964460,Piata Alba Iulia | Decomandat | 2 Camere | Bloc Izolat | Panoramic Vie,piata-alba-iulia-decomandat-2-camere-bloc-izolat-panoramic-vie-IDxpW2,75.0,TWO,2023-09-19 10:59:19,Centrul Civic| Sectorul 3| Bucuresti,1200
7964459,Baneasa I 2 Camere I Centrala I Loc de parcare,baneasa-i-2-camere-i-centrala-i-loc-de-parcare-IDxpW1,45.0,TWO,2023-09-19 10:59:09,Baneasa| Sectorul 1| Bucuresti,550
7964457,Tineretului | 2 Camere | Centrala | Bloc Nou,tineretului-2-camere-centrala-bloc-nou-IDxpUZ,45.0,TWO,2023-09-19 10:58:58,Tineretului| Sectorul 4| Bucuresti,550
7964456,Drumul Taberei - Ghencea | 3 camere | Balcon | Pet Friendly,drumul-taberei-ghencea-3-camere-balcon-pet-friendly-IDxpUY,70.0,THREE,2023-09-19 10:58:56,Drumul Taberei| Sectorul 6| Bucuresti,550
7964453,Inchiriere apartament 2 camere Berceni,inchiriere-apartament-2-camere-berceni-IDxpUW,70.0,TWO,2023-09-19 10:58:34,IMGB| Sectorul 4| Bucuresti,550
7964452,Arcul de Triumf | 3 camere | Mobilat | Utilat,arcul-de-triumf-3-camere-mobilat-utilat-IDxpUU,70.0,THREE,2023-09-19 10:57:52,Domenii| Sectorul 1| Bucuresti,500
7964450,Apartament 4 Camere Mega Spatios si Modern Mobilat,apartament-4-camere-mega-spatios-si-modern-mobilat-IDxpUS,160.0,FOUR,2023-09-19 10:57:18,Herastrau| Sectorul 1| Bucuresti,2700
7964441,Iancului | 2 Camere | Mobilat/Utilat | Metrou 5 MIN,iancului-2-camere-mobilat-utilat-metrou-5-min-IDxpUJ,52.0,TWO,2023-09-19 10:54:50,Pantelimon| Sectorul 2| Bucuresti,425
7964427,Inchiriere garsoniera Piata Victoriei,inchiriere-garsoniera-piata-victoriei-IDxpUw,27.0,ONE,2023-09-19 10:52:06,Piata Romana| Sectorul 1| Bucuresti,460
7964424,Apartament cu 4 camere langa parc si metrou,apartament-cu-4-camere-langa-parc-si-metrou-IDxpUs,145.0,FOUR,2023-09-19 10:51:10,Sectorul 1| Bucuresti,1950
7964414,Cismigiu Sala Palatului Victoriei Ion Campineanu Ateneul Roman Central,cismigiu-sala-palatului-victoriei-ion-campineanu-ateneul-roman-central-IDxpUi,75.0,TWO,2023-09-19 10:49:04,Cismigiu| Sectorul 1| Bucuresti,785
7964410,"Primaverii , Herastrau , Floreasca ,etaj Pdin+2+pod , liber !",primaverii-herastrau-floreasca-etaj-pdin-2-pod-liber-IDxpUe,101.0,FOUR,2023-09-19 10:48:40,Primaverii| Sectorul 1| Bucuresti,850
7964406,Berceni 7` Metrou Constantin Brancoveanu Parc Eroii Revolutiei Renovat,berceni-7-metrou-constantin-brancoveanu-parc-eroii-revolutiei-renovat-IDxpUa,60.0,TWO,2023-09-19 10:47:13,Berceni| Sectorul 4| Bucuresti,550
7964404,Garsoniera 20mp Berceni - Brancoveanu - Sector 4 - str. Peroni,garsoniera-20mp-berceni-brancoveanu-sector-4-str-peroni-IDxpU8,20.0,ONE,2023-09-19 10:46:47,Giurgiului| Sectorul 4| Bucuresti,220
7964390,2 Camere | Cismigiu | Balcon | Centrala Imobil | Parcare | Modern | Me,2-camere-cismigiu-balcon-centrala-imobil-parcare-modern-me-IDxpTU,75.0,TWO,2023-09-19 10:44:39,Cismigiu| Sectorul 1| Bucuresti,785
7964384,"Proprietar. Inchiriez apartament 2 camere, 300 m Afi Cotroceni",proprietar-inchiriez-apartament-2-camere-300-m-afi-cotroceni-IDxpTO,50.0,TWO,2023-09-19 10:43:36,Militari| Sectorul 6| Bucuresti,500
7964360,Baneasa - Sisesti | Pipera | Aviatiei | Escape Residence | Parcare | N,baneasa-sisesti-pipera-aviatiei-escape-residence-parcare-n-IDxpTq,47.0,TWO,2023-09-19 10:40:15,Damaroaia| Sectorul 1| Bucuresti,600
7964356,Baneasa | Pipera | Aviatiei | Regina Maria | Bloc 2012 | Parcare,baneasa-pipera-aviatiei-regina-maria-bloc-2012-parcare-IDxpTm,62.0,TWO,2023-09-19 10:39:26,Baneasa| Sectorul 1| Bucuresti,650
7964352,Baneasa | Aviatiei | Herastrau | Regina Maria | Bloc 2010 | Centrala,baneasa-aviatiei-herastrau-regina-maria-bloc-2010-centrala-IDxpTi,67.0,TWO,2023-09-19 10:38:47,Baneasa| Sectorul 1| Bucuresti,650
7964348,Baneasa | Aviatiei | Herastrau | Antena1 | Restaurant Voievodal | Mode,baneasa-aviatiei-herastrau-antena1-restaurant-voievodal-mode-IDxpTe,60.0,TWO,2023-09-19 10:38:08,Baneasa| Sectorul 1| Bucuresti,450
7954968,Închiriez Apartament cu 3 camere Auchan Titan,nchiriez-apartament-cu-3-camere-auchan-titan-IDxnrV,64.0,THREE,2023-09-19 10:37:42,Ozana| Sectorul 3| Bucuresti,350
7964331,Pipera | Baneasa | Aviatiei | Porsche | Onix Park | 2022 | Parcare | T,pipera-baneasa-aviatiei-porsche-onix-park-2022-parcare-t-IDxpSX,55.0,TWO,2023-09-19 10:36:16,Baneasa| Sectorul 1| Bucuresti,650
7964328,Inchiriere apartament 2 camere | Nicolae Grigorescu | Metrou |,inchiriere-apartament-2-camere-nicolae-grigorescu-metrou-IDxpSU,55.0,TWO,2023-09-19 10:35:52,Titan| Sectorul 3| Bucuresti,399
7964324,Apartament 3 camere Berceni,apartament-3-camere-berceni-IDxpSQ,70.0,THREE,2023-09-19 10:35:19,Berceni| Sectorul 4| Bucuresti,350
7964307,Apartament 2 camere Berceni,apartament-2-camere-berceni-IDxpSz,55.0,TWO,2023-09-19 10:33:20,Aparatorii Patriei| Sectorul 4| Bucuresti,400
7964290,doua camere Tineretului,doua-camere-tineretului-IDxpSi,52.0,TWO,2023-09-19 10:32:05,Tineretului| Sectorul 4| Bucuresti,500
7964287,Escape Residence/ Apartament 3 Camere/ Ac/ Parcare,escape-residence-apartament-3-camere-ac-parcare-IDxpSf,71.0,THREE,2023-09-19 10:31:52,Damaroaia| Sectorul 1| Bucuresti,750
7964285,Inchiriere Garsoniera - Politehnica - 21 Residence,inchiriere-garsoniera-politehnica-21-residence-IDxpSd,47.0,ONE,2023-09-19 10:31:40,Militari| Sectorul 6| Bucuresti,475
7964283,Pipera | Baneasa | Aviatiei | Iancu Nicolae | Privighetorilor | Parcar,pipera-baneasa-aviatiei-iancu-nicolae-privighetorilor-parcar-IDxpSb,55.0,TWO,2023-09-19 10:31:37,Baneasa| Sectorul 1| Bucuresti,750
7964262,Apartament 2 camere | Belvedere Residence | Fabrica de Glucoza,apartament-2-camere-belvedere-residence-fabrica-de-glucoza-IDxpRQ,46.0,TWO,2023-09-19 10:28:43,Pipera| Sectorul 2| Bucuresti,670
7964258,Inchiriere apartament 3 camere | Drumul Taberei | Ghencea |,inchiriere-apartament-3-camere-drumul-taberei-ghencea-IDxpRM,70.0,THREE,2023-09-19 10:28:29,Drumul Taberei| Sectorul 6| Bucuresti,549
7964252,Apartament cu 3 camere de închiriat în zona Doroban&#539;i,apartament-cu-3-camere-de-nchiriat-n-zona-doroban-539i-IDxpRG,75.0,THREE,2023-09-19 10:28:05,Piata Romana| Sectorul 1| Bucuresti,900
7964249,Apartament cu 3 camere în zona  Bulevarul BasarabiaArena Na&#539;ional,apartament-cu-3-camere-n-zona-bulevarul-basarabiaarena-na-539ional-IDxpRD,65.0,THREE,2023-09-19 10:27:53,Piata Romana| Sectorul 1| Bucuresti,600
7964196,Apartament 3 camere - Pache Protopopescu - Ferdinand,apartament-3-camere-pache-protopopescu-ferdinand-IDxpQM,84.0,THREE,2023-09-19 10:17:38,Iancului| Sectorul 2| Bucuresti,800
7964172,"Apartament cu gradina Lux,metrou,La Strada ,mobilat si utilat",apartament-cu-gradina-lux-metrou-la-strada-mobilat-si-utilat-IDxpQo,50.0,TWO,2023-09-19 10:11:48,Popesti Leordeni| Ilfov,450
7964160,Garsoniera c.tin brâncoveanu 5-7 min metrou,garsoniera-c-tin-brncoveanu-5-7-min-metrou-IDxpQc,38.0,ONE,2023-09-19 10:09:35,Berceni| Sectorul 4| Bucuresti,1199
7964139,2 Camere - Sala Palatului - I. Campineanu - Centrala - Terasa,2-camere-sala-palatului-i-campineanu-centrala-terasa-IDxpPR,78.0,TWO,2023-09-19 10:03:53,Cismigiu| Sectorul 1| Bucuresti,550
7964119,Apartament 3 camere tip Duplex Aurel Vlaicu/Ștefan Cel Mare Comision 0,apartament-3-camere-tip-duplex-aurel-vlaicu-tefan-cel-mare-comision-0-IDxpPx,78.0,THREE,2023-09-19 09:57:45,Stefan cel Mare| Sectorul 2| Bucuresti,850
7964117,Apartament 2 cam | Viilor | Carol | Mobilat si utilat NOU | Centrala,apartament-2-cam-viilor-carol-mobilat-si-utilat-nou-centrala-IDxpPw,50.0,TWO,2023-09-19 09:57:44,Pieptanari| Sectorul 5| Bucuresti,600
7964107,Garsoniera | Tineretului | Metrou | Balcon | Piata Norilor |,garsoniera-tineretului-metrou-balcon-piata-norilor-IDxpPl,35.0,ONE,2023-09-19 09:54:19,Tineretului| Sectorul 4| Bucuresti,350
7964103,Nicolae Grigorescu | Apartament 2 camere | Metrou |,nicolae-grigorescu-apartament-2-camere-metrou-IDxpPh,55.0,TWO,2023-09-19 09:53:43,Salajan| Sectorul 3| Bucuresti,390
7964098,Apartament 3 camere Colentina | Pet Friendly | Parcare | Mobilat,apartament-3-camere-colentina-pet-friendly-parcare-mobilat-IDxpPc,64.0,THREE,2023-09-19 09:53:06,Colentina| Sectorul 2| Bucuresti,360
7964091,Inchiriere Apartament 3 camere - Dorobanti,inchiriere-apartament-3-camere-dorobanti-IDxpP5,84.0,THREE,2023-09-19 09:52:06,Stefan cel Mare| Sectorul 2| Bucuresti,999
7964090,| Berceni | Piata Straduintei | 3 Camere | 2 balcoane | 59 m patrati |,berceni-piata-straduintei-3-camere-2-balcoane-59-m-patrati-IDxpP4,59.0,THREE,2023-09-19 09:52:06,Berceni| Sectorul 4| Bucuresti,440
7964084,Apartament 2 camere prima inchiriere Gherghitei,apartament-2-camere-prima-inchiriere-gherghitei-IDxpOY,58.0,TWO,2023-09-19 09:51:05,Andronache| Sectorul 2| Bucuresti,600
7964080,3 Camere | Unirii-Central | 2 Grupruri Sanitare | Balcon | 90 MP |,3-camere-unirii-central-2-grupruri-sanitare-balcon-90-mp-IDxpOU,90.0,THREE,2023-09-19 09:50:21,Centrul Civic| Sectorul 4| Bucuresti,1200
7964076,Penthouse de inchiriat lux Tepes Voda,penthouse-de-inchiriat-lux-tepes-voda-IDxpOQ,63.0,TWO,2023-09-19 09:50:07,Iancului| Sectorul 2| Bucuresti,999
7964068,Garsoniera bloc nou Central Address Residence Parcare Centrala Liberty,garsoniera-bloc-nou-central-address-residence-parcare-centrala-liberty-IDxpOI,37.0,ONE,2023-09-19 09:48:55,Rahova| Sectorul 5| Bucuresti,400
7964065,Apartament 2 camere bloc nou Prosper 13 Septembrie Centrala,apartament-2-camere-bloc-nou-prosper-13-septembrie-centrala-IDxpOF,58.0,TWO,2023-09-19 09:47:36,Rahova| Sectorul 5| Bucuresti,500
7964062,Apartament 2 cam 3 min Pacii loc parcare,apartament-2-cam-3-min-pacii-loc-parcare-IDxpOC,63.0,TWO,2023-09-19 09:46:29,Militari| Sectorul 6| Bucuresti,450
7964055,"Baneasa, Muntele Gaina spatios | luminos | curte | 2 locuri parcare",baneasa-muntele-gaina-spatios-luminos-curte-2-locuri-parcare-IDxpOw,83.45,THREE,2023-09-19 09:44:10,Baneasa| Sectorul 1| Bucuresti,700
7960696,Garsoniera | Hils Pallady | Loc parcare | Centrala | Balcon | Metrou,garsoniera-hils-pallady-loc-parcare-centrala-balcon-metrou-IDxoVk,38.0,ONE,2023-09-19 09:42:39,Theodor Pallady| Sectorul 3| Bucuresti,370
7964044,Garsoniera Brancoveanu,garsoniera-brancoveanu-IDxpOk,30.0,ONE,2023-09-19 09:41:47,Berceni| Sectorul 4| Bucuresti,1650
7964038,apartament 3 camere Metropolitan Residence Viillor- Parc Carol,apartament-3-camere-metropolitan-residence-viillor-parc-carol-IDxpOe,94.0,THREE,2023-09-19 09:40:29,Pieptanari| Sectorul 5| Bucuresti,750
7964025,Inchiriere Apartament 3 camere - Baneasa - Greenfield | Parcare,inchiriere-apartament-3-camere-baneasa-greenfield-parcare-IDxpO1,131.0,THREE,2023-09-19 09:35:47,Baneasa| Sectorul 1| Bucuresti,639
7964018,Inchiriere Apartament 3 Camere Baneasa Straulesti OMV PETROM CITY,inchiriere-apartament-3-camere-baneasa-straulesti-omv-petrom-city-IDxpNU,100.0,THREE,2023-09-19 09:32:25,Damaroaia| Sectorul 1| Bucuresti,800
7964015,Inchiriere Apartament 3 Camere One Tower Aviatiei Herastrau,inchiriere-apartament-3-camere-one-tower-aviatiei-herastrau-IDxpNR,93.0,THREE,2023-09-19 09:31:26,Aviatiei| Sectorul 1| Bucuresti,1800
7315297,Apartament 2 cam | Unirii | Mobilat utilat modern | Parcare| Metrou 2',apartament-2-cam-unirii-mobilat-utilat-modern-parcare-metrou-2-IDuH2F,70.0,TWO,2023-09-19 09:29:19,Centrul Civic| Sectorul 4| Bucuresti,750
7963981,Apartament 3 Camere Stradal 8 min metrou Piata Sudului,apartament-3-camere-stradal-8-min-metrou-piata-sudului-IDxpNj,75.0,THREE,2023-09-19 09:22:43,Berceni| Sectorul 4| Bucuresti,550
7963974,Inchiriere Apartament 2 camere Baneasa,inchiriere-apartament-2-camere-baneasa-IDxpNc,62.0,TWO,2023-09-19 09:21:01,Baneasa| Sectorul 1| Bucuresti,589
7963937,Apartament 3 camere Baneasa-Casa Presei | prima inchiriere | parcare,apartament-3-camere-baneasa-casa-presei-prima-inchiriere-parcare-IDxpMB,71.0,THREE,2023-09-19 09:12:43,Sectorul 1| Bucuresti,750
7963930,Apusului Militari ap 3 cam direct propietar,apusului-militari-ap-3-cam-direct-propietar-IDxpMu,71.0,THREE,2023-09-19 09:10:14,Militari| Sectorul 6| Bucuresti,2200
7963928,Garsoniera decomandata Piata Alba Iulia 7 rond pentru chirie vanzare,garsoniera-decomandata-piata-alba-iulia-7-rond-pentru-chirie-vanzare-IDxpMs,40.0,ONE,2023-09-19 09:09:41,Titan| Sectorul 3| Bucuresti,350
7963909,"Inchiriere apartament cu 3 camere pe Constructoriilor ,la Crangasi",inchiriere-apartament-cu-3-camere-pe-constructoriilor-la-crangasi-IDxpM9,70.0,THREE,2023-09-19 09:03:50,Giulesti| Sectorul 6| Bucuresti,500
7963893,Apartament 2 camere Unirii Splai Biblioteca Nationala Tribunal Opereta,apartament-2-camere-unirii-splai-biblioteca-nationala-tribunal-opereta-IDxpLT,68.0,TWO,2023-09-19 09:00:22,Cismigiu| Sectorul 1| Bucuresti,825
7963872,"Apartament 2 camere, Mall Vitan",apartament-2-camere-mall-vitan-IDxpLy,70.0,TWO,2023-09-19 08:53:03,Titan| Sectorul 3| Bucuresti,500
7963860,"Închiriez Apartament în Berceni, capăt Brâncoveanu",nchiriez-apartament-n-berceni-capt-brncoveanu-IDxpLm,55.0,TWO,2023-09-19 08:46:55,Berceni| Sectorul 4| Bucuresti,350
7963773,Camera la curte zona gara de nord,camera-la-curte-zona-gara-de-nord-IDxpJX,15.0,ONE,2023-09-19 07:05:35,Damaroaia| Sectorul 1| Bucuresti,800
7963765,Oferim spre inchiriere apartament 2 cam decomandat in Moghiorosi Resid,oferim-spre-inchiriere-apartament-2-cam-decomandat-in-moghiorosi-resid-IDxpJP,64.0,TWO,2023-09-19 06:38:31,Drumul Taberei| Sectorul 6| Bucuresti,550
7963746,Apartament de lux cu 2 camere in zona Obor,apartament-de-lux-cu-2-camere-in-zona-obor-IDxpJv,75.0,TWO,2023-09-19 06:04:05,Obor| Sectorul 2| Bucuresti,600
7963738,Inchiriere apartament,inchiriere-apartament-IDxpJo,41.0,TWO,2023-09-19 03:57:57,Militari| Sectorul 6| Bucuresti,375
7963728,Inchiriez apartament 2 camere - zona 13 Septembrie,inchiriez-apartament-2-camere-zona-13-septembrie-IDxpJe,69.0,TWO,2023-09-19 02:36:55,Rahova| Sectorul 5| Bucuresti,650
7963710,Ap 3 camere de inchiriat in Calea 13 Septembrie,ap-3-camere-de-inchiriat-in-calea-13-septembrie-IDxpIV,65.0,THREE,2023-09-19 00:42:53,Rahova| Sectorul 5| Bucuresti,2750
7963707,"Închiriez apartament 2 camere zona Favorit, Drumul Taberei",nchiriez-apartament-2-camere-zona-favorit-drumul-taberei-IDxpIT,48.0,TWO,2023-09-19 00:36:23,Drumul Taberei| Sectorul 6| Bucuresti,300
7963704,"Apartament 3 camere splendid, Delea Veche/P-ta Muncii",apartament-3-camere-splendid-delea-veche-p-ta-muncii-IDxpIQ,70.0,THREE,2023-09-19 00:33:47,Centrul Civic| Sectorul 3| Bucuresti,780
7963699,Apartament 2 camere de inchiriat (metrou) + loc de parcare- proprietar,apartament-2-camere-de-inchiriat-metrou-loc-de-parcare-proprietar-IDxpIL,63.0,TWO,2023-09-19 00:19:02,Militari| Sectorul 6| Bucuresti,450
7963680,"Apartament 3 camere cu gradina, Baneasa Natura Residence",apartament-3-camere-cu-gradina-baneasa-natura-residence-IDxpIs,124.0,THREE,2023-09-18 23:54:12,Baneasa| Sectorul 1| Bucuresti,1100
7963679,Apartament 2 camere,apartament-2-camere-IDxpIr,50.0,TWO,2023-09-18 23:49:26,Drumul Taberei| Sectorul 6| Bucuresti,375
7963671,Apartament 3 camere,apartament-3-camere-IDxpIj,80.0,THREE,2023-09-18 23:29:18,Berceni| Sectorul 4| Bucuresti,460
7963667,|2 Camere Ultracentral Residence Grozavesti 2022 Zona Excelenta|,2-camere-ultracentral-residence-grozavesti-2022-zona-excelenta-IDxpIf,50.0,TWO,2023-09-18 23:24:47,Grozavesti| Sectorul 6| Bucuresti,600
7963653,Proprietar Apart 2 camere Lujerului,proprietar-apart-2-camere-lujerului-IDxpI1,40.0,TWO,2023-09-18 23:08:48,Militari| Sectorul 6| Bucuresti,380
